{
    "timestamp": "20250207_193545",
    "parameters": {
        "total_sessions": 35,
        "step_size": 5,
        "selected_sessions": [
            1,
            6,
            11,
            16,
            21,
            26,
            31
        ],
        "n_folds_list": [
            1,
            2
        ],
        "time_periods": {
            "fixation": [
                -0.5,
                0
            ],
            "sample_on": [
                0.1,
                0.6
            ],
            "pre-saccade": [
                0.8,
                1.3
            ],
            "saccade": [
                1.3,
                1.8
            ],
            "post-saccade": [
                1.8,
                2.3
            ]
        },
        "reg_params": [
            1e-06,
            1.204503540258781e-06,
            1.4508287784959403e-06,
            1.747528400007683e-06,
            2.104904144512022e-06,
            2.5353644939701112e-06,
            3.0538555088334123e-06,
            3.6783797718286343e-06,
            4.430621457583877e-06,
            5.336699231206313e-06,
            6.4280731172843194e-06,
            7.742636826811277e-06,
            9.3260334688322e-06,
            1.1233240329780266e-05,
            1.3530477745798076e-05,
            1.6297508346206434e-05,
            1.9630406500402726e-05,
            2.3644894126454072e-05,
            2.8480358684358048e-05,
            3.4304692863149194e-05,
            4.1320124001153344e-05,
            4.977023564332114e-05,
            5.994842503189409e-05,
            7.220809018385471e-05,
            8.697490026177834e-05,
            0.00010476157527896651,
            0.0001261856883066021,
            0.00015199110829529347,
            0.00018307382802953696,
            0.00022051307399030456,
            0.00026560877829466864,
            0.00031992671377973844,
            0.00038535285937105315,
            0.0004641588833612782,
            0.0005590810182512228,
            0.0006734150657750829,
            0.0008111308307896872,
            0.0009770099572992256,
            0.0011768119524349992,
            0.0014174741629268063,
            0.0017073526474706922,
            0.0020565123083486534,
            0.0024770763559917113,
            0.0029836472402833404,
            0.0035938136638046293,
            0.004328761281083062,
            0.00521400828799969,
            0.00628029144183426,
            0.007564633275546291,
            0.009111627561154896,
            0.010974987654930568,
            0.013219411484660314,
            0.01592282793341094,
            0.019179102616724886,
            0.023101297000831626,
            0.02782559402207126,
            0.03351602650938848,
            0.04037017258596558,
            0.04862601580065353,
            0.058570208180566734,
            0.07054802310718646,
            0.08497534359086456,
            0.10235310218990269,
            0.12328467394420685,
            0.14849682622544666,
            0.1788649529057435,
            0.21544346900318867,
            0.25950242113997374,
            0.31257158496882415,
            0.37649358067924715,
            0.45348785081285914,
            0.5462277217684348,
            0.6579332246575682,
            0.7924828983539186,
            0.9545484566618347,
            1.149756995397738,
            1.3848863713938746,
            1.6681005372000592,
            2.00923300256505,
            2.4201282647943834,
            2.915053062825182,
            3.5111917342151346,
            4.229242874389508,
            5.0941380148163855,
            6.135907273413176,
            7.39072203352579,
            8.902150854450392,
            10.722672220103254,
            12.915496650148853,
            15.556761439304754,
            18.738174228603867,
            22.570197196339215,
            27.185882427329457,
            32.745491628777316,
            39.44206059437664,
            47.50810162102803,
            57.223676593502205,
            68.92612104349709,
            83.02175681319753,
            100.0
        ],
        "subject_id": "Tiergan"
    }
}